DROP USER BTL1M1 CASCADE;
CREATE USER BTL1M1 IDENTIFIED BY M1;

GRANT CONNECT, RESOURCE, UNLIMITED TABLESPACE, CREATE DATABASE LINK TO BTL1M1;

--CREATE TABLE
CREATE TABLE BTL1M1.USERACCOUNT(
  USERID VARCHAR2(10), --userid: 'u001'
  EMAIL VARCHAR2(50),	--email c·ªßa t√†i kho·∫£n: 'u001@gmail.com'
  PASS VARCHAR2(20),	--m·∫≠t kh·∫©u c·ªßa t√†i kho·∫£n: 'u001pass'
  USERNAME VARCHAR2(40),	--t√™n ng∆∞·ª?i d√πng: 'nguyen van a'
  BIRTHDAY DATE,	--ng√†y sinh c·ªßa ng∆∞·ª?i d√πng: format theo '12-8-2000'
  NATIONALITY VARCHAR2(25), --qu·ªëc t·ªãch: 'viet nam','japan'
  REGDAY DATE,	--ng√†y ƒëƒÉng k√Ω: format theo '12-8-2015' (ch√∫ √Ω m√¢u thu·∫©n ng√†y sinh c·ªßa user)
  PRIMARY KEY (USERID)
);  

CREATE TABLE BTL1M1.CHANNEL(
  CHANNELID VARCHAR2(10),	--id c·ªßa channel: 'ch001', 'ch002' ...
  CNAME VARCHAR2(40),	--t√™n c·ªßa channel: 'com nguoi', 'nntn tv' ...
  OWNERID VARCHAR2(10), --id c·ªßa ch·ªß s·ªü h·ªØu: 'u001'
  NATION  VARCHAR2(25),	--channel h∆∞·ªõng ƒë·∫øn qu·ªëc gia n√†o: 'viet nam', 'japan' ...
  CREATED DATE,	--ng√†y t·∫°o k√™nh: '12-5-2014' (ch√∫ √Ω c·∫©n th·∫≠n m√¢u thu·∫©n v·ªõi ng√†y t·∫°o t√†i kho·∫£n c·ªßa user)
  PRIMARY KEY (CHANNELID),
  FOREIGN KEY (OWNERID) REFERENCES BTL1M1.USERACCOUNT (USERID)
);

CREATE TABLE BTL1M1.SUBSCRIBE(
	USERID VARCHAR2(10), --id c·ªßa ng∆∞·ª?i ƒëƒÉng k√Ω
	CHANNELID VARCHAR2(10),	--id c·ªßa k√™nh ƒëu·ª£c ƒëƒÉng k√Ω
	CREATED DATE,	--ng√†y m√† ng∆∞·ª?i d√πng ƒëƒÉng k√Ω
	PRIMARY KEY(USERID, CHANNELID),
	FOREIGN KEY (USERID) REFERENCES BTL1M1.USERACCOUNT (USERID),
	FOREIGN KEY (CHANNELID) REFERENCES BTL1M1.CHANNEL (CHANNELID)
);

CREATE TABLE BTL1M1.VIDEO(
  VIDEOID VARCHAR2(10),	--video id: 'v001','v002','v003',...
  TITLE VARCHAR2(150),	--ti√™u ƒë·ª? video: 'nhac hay chat luong...' (ch√∫ √Ω m·∫•y k√™nh n∆∞·ªõc ngo√†i th√¨ l·∫•y title h·ª£p ch√∫t)
  CREATED DATE,	--ng√†y t·∫°o
  VIEWS NUMBER,	--l∆∞·ª£t ng∆∞·ª?i xem: 20, 30...
  DURATION NUMBER, --th·ª?i l∆∞·ª£ng: (gi√¢y) 360, 541, ...
  CHANNELID VARCHAR2(10), --id c·ªßa k√™nh
  PRIMARY KEY (VIDEOID),
  FOREIGN KEY (CHANNELID) REFERENCES BTL1M1.CHANNEL (CHANNELID)
);

CREATE TABLE BTL1M1.VIDEODETAILS(
  VIDEOID VARCHAR2(10),	--id c·ªßa video
  FILESIZE NUMBER,	--dung l∆∞·ª£ng video (mb): 200, 320, ...
  CASH NUMBER,	--ti·ª?n qu·∫£ng c√°o ki·∫øm ƒë∆∞·ª£c: 200000, 300000, ...
  MAXRESOLUTION NUMBER,	--h·ªó tr·ª£ ƒë·ªô ph√¢n gi·∫£i cao nh·∫•t l√† bao nhi√™u: 1080, 720, ...
  MINRESOLUTION NUMBER, --ƒë·ªô ph√¢n gi·∫£i th·∫•p nh·∫•t: 360
  PRIMARY KEY(VIDEOID),
  FOREIGN KEY (VIDEOID) REFERENCES BTL1M1.VIDEO (VIDEOID)
);

CREATE TABLE BTL1M1.LIKEVIDEO(
  VIDEOID VARCHAR2(10),	--id c·ªßa video
  USERID VARCHAR2(10),	--id c·ªßa ng∆∞·ª?i d√πng
  CREATED DATE,	--th·ª?i ƒëi·ªÉm like: 'ng√†y-th√°ng-nƒÉm gi·ª?:ph√∫t:gi√¢y' 
  PRIMARY KEY (VIDEOID, USERID),
  FOREIGN KEY (VIDEOID) REFERENCES BTL1M1.VIDEO (VIDEOID),
  FOREIGN KEY (USERID) REFERENCES BTL1M1.USERACCOUNT (USERID)
);

CREATE TABLE BTL1M1.TAG(
  TAGID VARCHAR2(10),	--tag id
  TAGNAME VARCHAR2(25),	--t√™n tag: https://vloggergear.com/best-youtube-tags/ kh√° nhi·ª?u lo·∫°i tag (trong m·∫•y c√°i khung xanh ·∫•y), l·ª±a v√†i video c√≥ g·∫Øn m·∫•y c√°i tag 16+, 18+ g√¨ ƒë√≥ ƒë·ªÉ n·ªØa truy v·∫•n
  AGELIMIT NUMBER,	--gi·ªõi h·∫°n tu·ªïi cho tag name
  PRIMARY KEY (TAGID)
);

CREATE TABLE BTL1M1.TAG_VIDEO(
  TAGID VARCHAR2(10),	--tag id cho video
  VIDEOID VARCHAR2(10),	--video id
  PRIMARY KEY (TAGID, VIDEOID),
  FOREIGN KEY (TAGID) REFERENCES BTL1M1.TAG (TAGID),
  FOREIGN KEY (VIDEOID) REFERENCES BTL1M1.VIDEO (VIDEOID)
);

--CREATE GUEST
DROP USER BTL1M1_GUEST CASCADE;
CREATE USER BTL1M1_GUEST IDENTIFIED BY M1;

GRANT CONNECT, RESOURCE, UNLIMITED TABLESPACE, CREATE DATABASE LINK TO BTL1M1_GUEST;

GRANT SELECT ON BTL1M1.USERACCOUNT TO BTL1M1_GUEST;
GRANT SELECT ON BTL1M1.VIDEODETAILS TO BTL1M1_GUEST;
GRANT SELECT ON BTL1M1.CHANNEL TO BTL1M1_GUEST;
GRANT SELECT ON BTL1M1.SUBSCRIBE TO BTL1M1_GUEST;
GRANT SELECT ON BTL1M1.VIDEO TO BTL1M1_GUEST;
GRANT SELECT ON BTL1M1.LIKEVIDEO TO BTL1M1_GUEST;
GRANT SELECT ON BTL1M1.TAG TO BTL1M1_GUEST;
GRANT SELECT ON BTL1M1.TAG_VIDEO TO BTL1M1_GUEST;

--CREATE ADMIN
DROP USER BTL1M1_ADMIN CASCADE;
CREATE USER BTL1M1_ADMIN IDENTIFIED BY M1;

GRANT CONNECT, RESOURCE, UNLIMITED TABLESPACE, CREATE DATABASE LINK TO BTL1M1_ADMIN;

GRANT SELECT ON BTL1M1.USERACCOUNT TO BTL1M1_ADMIN;
GRANT SELECT ON BTL1M1.CHANNEL TO BTL1M1_ADMIN;
GRANT SELECT ON BTL1M1.SUBSCRIBE TO BTL1M1_ADMIN;
GRANT SELECT ON BTL1M1.VIDEO TO BTL1M1_ADMIN;
GRANT SELECT ON BTL1M1.VIDEODETAILS TO BTL1M1_ADMIN;
GRANT SELECT ON BTL1M1.LIKEVIDEO TO BTL1M1_ADMIN;
GRANT SELECT ON BTL1M1.TAG TO BTL1M1_ADMIN;
GRANT SELECT ON BTL1M1.TAG_VIDEO TO BTL1M1_ADMIN;

GRANT UPDATE ON BTL1M1.USERACCOUNT TO BTL1M1_ADMIN;
GRANT UPDATE ON BTL1M1.CHANNEL TO BTL1M1_ADMIN;
GRANT UPDATE ON BTL1M1.SUBSCRIBE TO BTL1M1_ADMIN;
GRANT UPDATE ON BTL1M1.VIDEO TO BTL1M1_ADMIN;
GRANT UPDATE ON BTL1M1.VIDEODETAILS TO BTL1M1_ADMIN;
GRANT UPDATE ON BTL1M1.LIKEVIDEO TO BTL1M1_ADMIN;
GRANT UPDATE ON BTL1M1.TAG TO BTL1M1_ADMIN;
GRANT UPDATE ON BTL1M1.TAG_VIDEO TO BTL1M1_ADMIN;

GRANT DELETE ON BTL1M1.USERACCOUNT TO BTL1M1_ADMIN;
GRANT DELETE ON BTL1M1.CHANNEL TO BTL1M1_ADMIN;
GRANT DELETE ON BTL1M1.SUBSCRIBE TO BTL1M1_ADMIN;
GRANT DELETE ON BTL1M1.VIDEO TO BTL1M1_ADMIN;
GRANT DELETE ON BTL1M1.VIDEODETAILS TO BTL1M1_ADMIN;
GRANT DELETE ON BTL1M1.LIKEVIDEO TO BTL1M1_ADMIN;
GRANT DELETE ON BTL1M1.TAG TO BTL1M1_ADMIN;
GRANT DELETE ON BTL1M1.TAG_VIDEO TO BTL1M1_ADMIN;

--CREATE DATABASE LINK
CONN BTL1M1_GUEST/M1;
CREATE DATABASE LINK DBL_M2
  CONNECT TO BTL1M2_GUEST IDENTIFIED BY M2
  USING '(DESCRIPTION=
      (ADDRESS=(PROTOCOL=TCP)(HOST=26.167.217.151)(PORT=1521))
      (CONNECT_DATA=(SERVICE_NAME=ORCLPDB))
  )';

CONN BTL1M1_ADMIN/M1;
CREATE DATABASE LINK DBL_M2 
  CONNECT TO BTL1M2_ADMIN IDENTIFIED BY M2
  USING '(DESCRIPTION=
      (ADDRESS=(PROTOCOL=TCP)(HOST=26.167.217.151)(PORT=1521))
      (CONNECT_DATA=(SERVICE_NAME=ORCLPDB))
  )';

CONN BTL1M1/M1;
CREATE DATABASE LINK DBL_M2 
  CONNECT TO BTL1M2 IDENTIFIED BY M2
  USING '(DESCRIPTION=
      (ADDRESS=(PROTOCOL=TCP)(HOST=26.167.217.151)(PORT=1521))
      (CONNECT_DATA=(SERVICE_NAME=ORCLPDB))
  )';
  
--INSERT DATA	
ALTER SESSION SET NLS_DATE_FORMAT = 'DD-MM-YYYY HH24:MI:SS';

INSERT INTO BTL1M1.USERACCOUNT VALUES('u001','u001@gmail.com','u001pass','Phan Gia Phong','23-4-2000','Viet Nam','11-1-2019');
INSERT INTO BTL1M1.USERACCOUNT VALUES('u002','u002@gmail.com','u002pass','Tran Thi Tam','21-8-2009','Viet Nam','25-12-2018');
INSERT INTO BTL1M1.USERACCOUNT VALUES('u003','u003@gmail.com','u003pass','Le Nguyen Minh Khang','12-4-2002','Viet Nam','28-1-2019');
INSERT INTO BTL1M1.USERACCOUNT VALUES('u004','u004@gmail.com','u004pass','Hoang Tien Linh','11-2-2001','Viet Nam','20-12-2020');
INSERT INTO BTL1M1.USERACCOUNT VALUES('u005','u005@gmail.com','u005pass','Nguyen Ngoc Van','30-5-2005','Viet Nam','14-3-2019');
INSERT INTO BTL1M1.USERACCOUNT VALUES('u006','u006@ms.vn','u006pass','Thai Lam Lan','3-3-2009','Viet Nam','25-12-2020');
INSERT INTO BTL1M1.USERACCOUNT VALUES('u007','u007@ms.vn','u007pass','Nguyen Hoai Ngoc','6-12-2006','Viet Nam','2-5-2019');
INSERT INTO BTL1M1.USERACCOUNT VALUES('u008','u008@ms.vn','u008pass','Le Minh Thien','5-12-2000','Viet Nam','25-12-2019');
INSERT INTO BTL1M1.USERACCOUNT VALUES('u009','u009@ms.vn','u009pass','Nguyen Minh Thang','12-5-2001','Viet Nam','6-10-2019');
INSERT INTO BTL1M1.USERACCOUNT VALUES('u010','u010@ms.vn','u010pass','Tran Trong Tai','16-7-2010','Viet Nam','25-3-2020');
INSERT INTO BTL1M1.USERACCOUNT VALUES('u011','u011@yahoo.com','u011pass','Hayashida Rokuro','2-6-2008','Nhat Ban','26-3-2020');
INSERT INTO BTL1M1.USERACCOUNT VALUES('u012','u012@yahoo.com','u012pass','Nikolaus Kuhn','23-8-2000','Duc','29-12-2020');
INSERT INTO BTL1M1.USERACCOUNT VALUES('u013','u013@yahoo.com','u013pass','Hildebert Meier','21-9-1999','Duc','27-3-2020');
INSERT INTO BTL1M1.USERACCOUNT VALUES('u014','u014@yahoo.com','u014pass','Melania Cafaro','7-1-2000','Y','9-1-2021');
INSERT INTO BTL1M1.USERACCOUNT VALUES('u015','u015@yahoo.com','u015pass','Iwamoto Asuka','8-2-2000','Nhat Ban','6-4-2020');
INSERT INTO BTL1M1.USERACCOUNT VALUES('u016','u016@yahoo.com','u016pass','Ferro Zampa','3-11-2000','Y','27-6-2021');
INSERT INTO BTL1M1.USERACCOUNT VALUES('u017','u017@yahoo.com','u017pass','Hamasaki Yuriko','30-7-2001','Nhat Ban','18-6-2020');
INSERT INTO BTL1M1.USERACCOUNT VALUES('u018','u018@gmail.com','u018pass','Heike Vogt','9-10-2001','Duc','9-9-2021');
INSERT INTO BTL1M1.USERACCOUNT VALUES('u019','u019@gmail.com','u019pass','Annaleisa Forst','13-6-2003','Duc','1-11-2020');
INSERT INTO BTL1M1.USERACCOUNT VALUES('u020','u020@gmail.com','u020pass','Usui Tatsuya','24-6-2004','Nhat Ban','12-11-2020');


INSERT INTO BTL1M1.CHANNEL VALUES('ch001','Con Nguoi','u001','Viet Nam','12-6-2019');
INSERT INTO BTL1M1.CHANNEL VALUES('ch003','Tieu Diem Chinh','u003','Viet Nam','1-3-2019');
INSERT INTO BTL1M1.CHANNEL VALUES('ch004','Suy Nghi','u004','Viet Nam','23-12-2020');
INSERT INTO BTL1M1.CHANNEL VALUES('ch005','Su Hao Nhoang','u005','Viet Nam','9-7-2019');
INSERT INTO BTL1M1.CHANNEL VALUES('ch006','Hai Co Ban','u006','Viet Nam','26-12-2020');
INSERT INTO BTL1M1.CHANNEL VALUES('ch007','Thong minh hon moi ngay','u007','Viet Nam','9-7-2019');
INSERT INTO BTL1M1.CHANNEL VALUES('ch008','1 trieu vu dieu','u008','Viet Nam','18-1-2020');
INSERT INTO BTL1M1.CHANNEL VALUES('ch009','SpaceSpeakers','u009','Viet Nam','11-12-2019');
INSERT INTO BTL1M1.CHANNEL VALUES('ch010','Chuong trinh dem khuya','u010','Viet Nam','26-4-2020');
INSERT INTO BTL1M1.CHANNEL VALUES('ch013','Crash Course','u013','Vietnam','26-4-2020');
INSERT INTO BTL1M1.CHANNEL VALUES('ch015','CloudKid','u015','Viet Nam','26-4-2020');
INSERT INTO BTL1M1.CHANNEL VALUES('ch016','Esport TV','u016','Viet Nam','8-12-2021');
INSERT INTO BTL1M1.CHANNEL VALUES('ch017','Cut','u017','Viet Nam','15-10-2020');
INSERT INTO BTL1M1.CHANNEL VALUES('ch020','Learn English with me','u020','Viet Nam','26-12-2020');



INSERT INTO BTL1M1.SUBSCRIBE VALUES('u001','ch001','12-11-2020');
INSERT INTO BTL1M1.SUBSCRIBE VALUES('u002','ch001','17-6-2021');
INSERT INTO BTL1M1.SUBSCRIBE VALUES('u003','ch001','17-6-2019');
INSERT INTO BTL1M1.SUBSCRIBE VALUES('u005','ch001','12-4-2021');
INSERT INTO BTL1M1.SUBSCRIBE VALUES('u006','ch001','12-11-2020');
INSERT INTO BTL1M1.SUBSCRIBE VALUES('u009','ch001','17-6-2019');
INSERT INTO BTL1M1.SUBSCRIBE VALUES('u011','ch001','12-4-2021');
INSERT INTO BTL1M1.SUBSCRIBE VALUES('u015','ch001','17-6-2021');
INSERT INTO BTL1M1.SUBSCRIBE VALUES('u001','ch003','23-6-2019');
INSERT INTO BTL1M1.SUBSCRIBE VALUES('u003','ch003','6-3-2019');
INSERT INTO BTL1M1.SUBSCRIBE VALUES('u005','ch003','3-3-2019');
INSERT INTO BTL1M1.SUBSCRIBE VALUES('u006','ch003','23-6-2019');
INSERT INTO BTL1M1.SUBSCRIBE VALUES('u011','ch003','6-3-2019');
INSERT INTO BTL1M1.SUBSCRIBE VALUES('u013','ch003','3-3-2019');
INSERT INTO BTL1M1.SUBSCRIBE VALUES('u015','ch003','23-6-2019');
INSERT INTO BTL1M1.SUBSCRIBE VALUES('u016','ch003','6-3-2019');
INSERT INTO BTL1M1.SUBSCRIBE VALUES('u017','ch003','3-3-2019');
INSERT INTO BTL1M1.SUBSCRIBE VALUES('u018','ch003','23-6-2019');
INSERT INTO BTL1M1.SUBSCRIBE VALUES('u019','ch003','6-3-2019');
INSERT INTO BTL1M1.SUBSCRIBE VALUES('u020','ch003','3-3-2019');
INSERT INTO BTL1M1.SUBSCRIBE VALUES('u002','ch004','19-5-2021');
INSERT INTO BTL1M1.SUBSCRIBE VALUES('u006','ch004','12-1-2021');
INSERT INTO BTL1M1.SUBSCRIBE VALUES('u008','ch004','19-5-2020');
INSERT INTO BTL1M1.SUBSCRIBE VALUES('u010','ch004','12-1-2020');
INSERT INTO BTL1M1.SUBSCRIBE VALUES('u011','ch004','19-5-2021');
INSERT INTO BTL1M1.SUBSCRIBE VALUES('u020','ch004','12-1-2021');
INSERT INTO BTL1M1.SUBSCRIBE VALUES('u005','ch005','24-8-2019');
INSERT INTO BTL1M1.SUBSCRIBE VALUES('u006','ch005','30-8-2020');
INSERT INTO BTL1M1.SUBSCRIBE VALUES('u007','ch005','11-8-2020');
INSERT INTO BTL1M1.SUBSCRIBE VALUES('u008','ch005','24-8-2019');
INSERT INTO BTL1M1.SUBSCRIBE VALUES('u011','ch005','30-8-2020');
INSERT INTO BTL1M1.SUBSCRIBE VALUES('u013','ch005','11-8-2020');
INSERT INTO BTL1M1.SUBSCRIBE VALUES('u014','ch005','24-8-2019');
INSERT INTO BTL1M1.SUBSCRIBE VALUES('u015','ch005','30-8-2020');
INSERT INTO BTL1M1.SUBSCRIBE VALUES('u016','ch005','11-8-2020');
INSERT INTO BTL1M1.SUBSCRIBE VALUES('u017','ch005','24-8-2019');
INSERT INTO BTL1M1.SUBSCRIBE VALUES('u018','ch005','30-8-2020');
INSERT INTO BTL1M1.SUBSCRIBE VALUES('u019','ch005','11-8-2020');
INSERT INTO BTL1M1.SUBSCRIBE VALUES('u003','ch006','12-1-2021');
INSERT INTO BTL1M1.SUBSCRIBE VALUES('u011','ch006','27-5-2020');
INSERT INTO BTL1M1.SUBSCRIBE VALUES('u012','ch006','25-9-2021');
INSERT INTO BTL1M1.SUBSCRIBE VALUES('u014','ch006','19-5-2020');
INSERT INTO BTL1M1.SUBSCRIBE VALUES('u015','ch006','12-1-2020');
INSERT INTO BTL1M1.SUBSCRIBE VALUES('u016','ch006','27-5-2021');
INSERT INTO BTL1M1.SUBSCRIBE VALUES('u018','ch006','25-9-2021');
INSERT INTO BTL1M1.SUBSCRIBE VALUES('u020','ch006','19-5-2021');
INSERT INTO BTL1M1.SUBSCRIBE VALUES('u002','ch007','24-8-2019');
INSERT INTO BTL1M1.SUBSCRIBE VALUES('u005','ch007','24-8-2019');
INSERT INTO BTL1M1.SUBSCRIBE VALUES('u006','ch007','24-8-2020');
INSERT INTO BTL1M1.SUBSCRIBE VALUES('u009','ch007','24-8-2020');
INSERT INTO BTL1M1.SUBSCRIBE VALUES('u008','ch008','24-1-2020');
INSERT INTO BTL1M1.SUBSCRIBE VALUES('u017','ch008','24-1-2020');
INSERT INTO BTL1M1.SUBSCRIBE VALUES('u009','ch009','16-1-2020');
INSERT INTO BTL1M1.SUBSCRIBE VALUES('u010','ch010','8-6-2020');
INSERT INTO BTL1M1.SUBSCRIBE VALUES('u012','ch010','8-6-2020');
INSERT INTO BTL1M1.SUBSCRIBE VALUES('u014','ch010','26-8-2021');
INSERT INTO BTL1M1.SUBSCRIBE VALUES('u013','ch013','8-6-2020');
INSERT INTO BTL1M1.SUBSCRIBE VALUES('u016','ch013','8-6-2020');
INSERT INTO BTL1M1.SUBSCRIBE VALUES('u018','ch013','8-6-2021');
INSERT INTO BTL1M1.SUBSCRIBE VALUES('u002','ch015','11-10-2020');
INSERT INTO BTL1M1.SUBSCRIBE VALUES('u003','ch015','8-6-2020');
INSERT INTO BTL1M1.SUBSCRIBE VALUES('u004','ch015','30-9-2021');
INSERT INTO BTL1M1.SUBSCRIBE VALUES('u005','ch015','11-10-2020');
INSERT INTO BTL1M1.SUBSCRIBE VALUES('u007','ch015','8-6-2020');
INSERT INTO BTL1M1.SUBSCRIBE VALUES('u008','ch015','30-9-2021');
INSERT INTO BTL1M1.SUBSCRIBE VALUES('u009','ch015','11-10-2020');
INSERT INTO BTL1M1.SUBSCRIBE VALUES('u010','ch015','8-6-2020');
INSERT INTO BTL1M1.SUBSCRIBE VALUES('u011','ch015','30-9-2021');
INSERT INTO BTL1M1.SUBSCRIBE VALUES('u013','ch015','11-10-2020');
INSERT INTO BTL1M1.SUBSCRIBE VALUES('u014','ch015','8-6-2020');
INSERT INTO BTL1M1.SUBSCRIBE VALUES('u015','ch015','30-9-2021');
INSERT INTO BTL1M1.SUBSCRIBE VALUES('u016','ch015','11-10-2020');
INSERT INTO BTL1M1.SUBSCRIBE VALUES('u017','ch015','8-6-2020');
INSERT INTO BTL1M1.SUBSCRIBE VALUES('u018','ch015','30-9-2021');
INSERT INTO BTL1M1.SUBSCRIBE VALUES('u019','ch015','11-10-2020');
INSERT INTO BTL1M1.SUBSCRIBE VALUES('u020','ch015','8-6-2020');
INSERT INTO BTL1M1.SUBSCRIBE VALUES('u006','ch016','8-12-2021');
INSERT INTO BTL1M1.SUBSCRIBE VALUES('u009','ch016','8-12-2020');
INSERT INTO BTL1M1.SUBSCRIBE VALUES('u011','ch016','8-12-2020');
INSERT INTO BTL1M1.SUBSCRIBE VALUES('u016','ch016','8-12-2021');
INSERT INTO BTL1M1.SUBSCRIBE VALUES('u015','ch017','12-1-2021');
INSERT INTO BTL1M1.SUBSCRIBE VALUES('u017','ch017','4-11-2020');
INSERT INTO BTL1M1.SUBSCRIBE VALUES('u002','ch020','26-2-2021');
INSERT INTO BTL1M1.SUBSCRIBE VALUES('u011','ch020','11-3-2021');
INSERT INTO BTL1M1.SUBSCRIBE VALUES('u020','ch020','26-8-2020');




INSERT INTO BTL1M1.VIDEO VALUES('v001','Giai phau co the nguoi','12-6-2019','300','1505','ch001');
INSERT INTO BTL1M1.VIDEO VALUES('v003','Ca si moi noi','09/08/2019','434','643','ch005');
INSERT INTO BTL1M1.VIDEO VALUES('v004','Nguoi thang giai Nobel','31/12/2020','905','566','ch004');
INSERT INTO BTL1M1.VIDEO VALUES('v005','Mr. Bean va Giang Sinh','31/12/2020','465','1104','ch006');
INSERT INTO BTL1M1.VIDEO VALUES('v008','Tieng Gong keu','09/08/2019','796','1246','ch007');
INSERT INTO BTL1M1.VIDEO VALUES('v007','Freaky Squad','06/01/2020','639','1172','ch009');
INSERT INTO BTL1M1.VIDEO VALUES('v009','Tham quan villa 29 trieu do','06/01/2020','603','694','ch005');
INSERT INTO BTL1M1.VIDEO VALUES('v011','Miss You - Choreography','09/02/2020','886','572','ch008');
INSERT INTO BTL1M1.VIDEO VALUES('v012','RekSai than rung','29/03/2019','12','1579','ch003');
INSERT INTO BTL1M1.VIDEO VALUES('v013','Gnar than rung','08/04/2019','163','1214','ch003');
INSERT INTO BTL1M1.VIDEO VALUES('v014','Tham quan DisneyLand','27/06/2020','488','1593','ch010');
INSERT INTO BTL1M1.VIDEO VALUES('v015','Reaction: nguoi yeu xem dien thoai cua nhau','30/11/2020','860','1449','ch017');
INSERT INTO BTL1M1.VIDEO VALUES('v017','Mr. Bean va chuyen tham quan bao tang','13/05/2021','250','1611','ch006');
INSERT INTO BTL1M1.VIDEO VALUES('v018','Blackjack','09/02/2020','542','1565','ch009');
INSERT INTO BTL1M1.VIDEO VALUES('v020','MrBeast In 50 Years Be Like.. (beluga)','09/02/2020','842','1565','ch009');
INSERT INTO BTL1M1.VIDEO VALUES('v021','Top 3 ban phim co','25/03/2021','591','487','ch007');
INSERT INTO BTL1M1.VIDEO VALUES('v022','Hoc trong luc ngu?','2/07/2020','1091','287','ch007');
INSERT INTO BTL1M1.VIDEO VALUES('v023','Com chang nuoc mam','25/03/2021','391','187','ch009');
INSERT INTO BTL1M1.VIDEO VALUES('v024','Chup anh vuon quoc gia cuc phuong','13/06/2019','135','287','ch013');	
INSERT INTO BTL1M1.VIDEO VALUES('v025','Ngay nguoi ra di','2/07/2020','523','387','ch013');
INSERT INTO BTL1M1.VIDEO VALUES('v026','Tim anh trong dem','13/06/2019','1454','657','ch017');
INSERT INTO BTL1M1.VIDEO VALUES('v027','Hanh phuc nua voi','2/07/2020','421','947','ch017');
INSERT INTO BTL1M1.VIDEO VALUES('v028','Loai vat doc nhat the gioi','13/06/2019','391','287','ch020');
INSERT INTO BTL1M1.VIDEO VALUES('v029','Khac che tuong danh xa','25/03/2021','893','521','ch020');
INSERT INTO BTL1M1.VIDEO VALUES('v030','Tho lan giau kinh nghiem','2/07/2020','5123','653','ch020');



INSERT INTO BTL1M1.VIDEODETAILS VALUES('v001','850',' 1 ','720','144');
INSERT INTO BTL1M1.VIDEODETAILS VALUES('v003','329','282934','480','144');
INSERT INTO BTL1M1.VIDEODETAILS VALUES('v004','261','902479','480','144');
INSERT INTO BTL1M1.VIDEODETAILS VALUES('v005','464','362625','480','144');
INSERT INTO BTL1M1.VIDEODETAILS VALUES('v007','550','523302','720','144');
INSERT INTO BTL1M1.VIDEODETAILS VALUES('v008','685','532033','720','144');
INSERT INTO BTL1M1.VIDEODETAILS VALUES('v009','389','445872','480','144');
INSERT INTO BTL1M1.VIDEODETAILS VALUES('v011','274','803330','480','144');
INSERT INTO BTL1M1.VIDEODETAILS VALUES('v012','983','175163','720','144');
INSERT INTO BTL1M1.VIDEODETAILS VALUES('v013','572','188056','720','144');
INSERT INTO BTL1M1.VIDEODETAILS VALUES('v014','1224','369427','1080','144');
INSERT INTO BTL1M1.VIDEODETAILS VALUES('v015','838','622663','720','144');
INSERT INTO BTL1M1.VIDEODETAILS VALUES('v017','1238','200855','1080','144');
INSERT INTO BTL1M1.VIDEODETAILS VALUES('v018','942','398612','720','144');
INSERT INTO BTL1M1.VIDEODETAILS VALUES('v020','171','874048','360','144');
INSERT INTO BTL1M1.VIDEODETAILS VALUES('v021','572','188056','720','144');
INSERT INTO BTL1M1.VIDEODETAILS VALUES('v022','1224','369427','1080','144');
INSERT INTO BTL1M1.VIDEODETAILS VALUES('v023','838','622663','720','144');
INSERT INTO BTL1M1.VIDEODETAILS VALUES('v024','1238','200855','1080','144');
INSERT INTO BTL1M1.VIDEODETAILS VALUES('v025','942','398612','720','144');
INSERT INTO BTL1M1.VIDEODETAILS VALUES('v026','171','874048','360','144');
INSERT INTO BTL1M1.VIDEODETAILS VALUES('v027','464','362625','480','144');
INSERT INTO BTL1M1.VIDEODETAILS VALUES('v028','550','523302','720','144');
INSERT INTO BTL1M1.VIDEODETAILS VALUES('v029','685','532033','720','144');
INSERT INTO BTL1M1.VIDEODETAILS VALUES('v030','550','523302','720','144');

INSERT INTO BTL1M1.LIKEVIDEO VALUES('v001','u001','12-11-2020');
INSERT INTO BTL1M1.LIKEVIDEO VALUES('v001','u002','15-10-2020');
INSERT INTO BTL1M1.LIKEVIDEO VALUES('v001','u003','11-11-2021');
INSERT INTO BTL1M1.LIKEVIDEO VALUES('v001','u005','12-10-2021');
INSERT INTO BTL1M1.LIKEVIDEO VALUES('v001','u007','17-11-2019');
INSERT INTO BTL1M1.LIKEVIDEO VALUES('v001','u008','13-10-2021');
INSERT INTO BTL1M1.LIKEVIDEO VALUES('v001','u009','23-11-2019');
INSERT INTO BTL1M1.LIKEVIDEO VALUES('v001','u012','30-11-2019');
INSERT INTO BTL1M1.LIKEVIDEO VALUES('v001','u014','17-11-2019');
INSERT INTO BTL1M1.LIKEVIDEO VALUES('v001','u016','22-11-2020');
INSERT INTO BTL1M1.LIKEVIDEO VALUES('v001','u017','15-12-2020');
INSERT INTO BTL1M1.LIKEVIDEO VALUES('v001','u020','18-11-2021');
INSERT INTO BTL1M1.LIKEVIDEO VALUES('v003','u002','12-11-2020');
INSERT INTO BTL1M1.LIKEVIDEO VALUES('v003','u005','15-10-2020');
INSERT INTO BTL1M1.LIKEVIDEO VALUES('v003','u007','11-11-2021');
INSERT INTO BTL1M1.LIKEVIDEO VALUES('v003','u011','12-10-2021');
INSERT INTO BTL1M1.LIKEVIDEO VALUES('v003','u012','17-11-2019');
INSERT INTO BTL1M1.LIKEVIDEO VALUES('v003','u014','13-10-2021');
INSERT INTO BTL1M1.LIKEVIDEO VALUES('v003','u015','23-11-2019');
INSERT INTO BTL1M1.LIKEVIDEO VALUES('v003','u017','30-11-2019');
INSERT INTO BTL1M1.LIKEVIDEO VALUES('v004','u003','17-11-2019');
INSERT INTO BTL1M1.LIKEVIDEO VALUES('v004','u005','22-12-2020');
INSERT INTO BTL1M1.LIKEVIDEO VALUES('v004','u006','15-11-2020');
INSERT INTO BTL1M1.LIKEVIDEO VALUES('v004','u013','18-11-2021');
INSERT INTO BTL1M1.LIKEVIDEO VALUES('v004','u016','17-11-2019');
INSERT INTO BTL1M1.LIKEVIDEO VALUES('v004','u019','22-12-2020');
INSERT INTO BTL1M1.LIKEVIDEO VALUES('v005','u005','15-11-2020');
INSERT INTO BTL1M1.LIKEVIDEO VALUES('v005','u008','18-11-2021');
INSERT INTO BTL1M1.LIKEVIDEO VALUES('v005','u013','17-11-2019');
INSERT INTO BTL1M1.LIKEVIDEO VALUES('v005','u015','22-12-2020');
INSERT INTO BTL1M1.LIKEVIDEO VALUES('v005','u016','15-11-2020');
INSERT INTO BTL1M1.LIKEVIDEO VALUES('v007','u001','18-11-2021');
INSERT INTO BTL1M1.LIKEVIDEO VALUES('v007','u005','17-11-2019');
INSERT INTO BTL1M1.LIKEVIDEO VALUES('v007','u006','22-12-2020');
INSERT INTO BTL1M1.LIKEVIDEO VALUES('v007','u007','15-11-2020');
INSERT INTO BTL1M1.LIKEVIDEO VALUES('v007','u012','18-11-2021');
INSERT INTO BTL1M1.LIKEVIDEO VALUES('v007','u014','17-11-2019');
INSERT INTO BTL1M1.LIKEVIDEO VALUES('v007','u018','22-9-2020');
INSERT INTO BTL1M1.LIKEVIDEO VALUES('v007','u019','15-9-2020');
INSERT INTO BTL1M1.LIKEVIDEO VALUES('v008','u011','18-11-2021');
INSERT INTO BTL1M1.LIKEVIDEO VALUES('v008','u012','17-11-2019');
INSERT INTO BTL1M1.LIKEVIDEO VALUES('v008','u018','22-12-2020');
INSERT INTO BTL1M1.LIKEVIDEO VALUES('v008','u019','15-11-2020');
INSERT INTO BTL1M1.LIKEVIDEO VALUES('v008','u020','18-11-2021');
INSERT INTO BTL1M1.LIKEVIDEO VALUES('v009','u001','17-11-2019');
INSERT INTO BTL1M1.LIKEVIDEO VALUES('v009','u003','22-11-2020');
INSERT INTO BTL1M1.LIKEVIDEO VALUES('v009','u005','15-11-2020');
INSERT INTO BTL1M1.LIKEVIDEO VALUES('v009','u013','18-11-2021');
INSERT INTO BTL1M1.LIKEVIDEO VALUES('v011','u006','17-11-2019');
INSERT INTO BTL1M1.LIKEVIDEO VALUES('v011','u012','22-11-2020');
INSERT INTO BTL1M1.LIKEVIDEO VALUES('v011','u013','15-12-2020');
INSERT INTO BTL1M1.LIKEVIDEO VALUES('v011','u016','18-11-2021');
INSERT INTO BTL1M1.LIKEVIDEO VALUES('v011','u017','17-11-2019');
INSERT INTO BTL1M1.LIKEVIDEO VALUES('v011','u018','22-11-2020');
INSERT INTO BTL1M1.LIKEVIDEO VALUES('v011','u019','15-12-2020');
INSERT INTO BTL1M1.LIKEVIDEO VALUES('v011','u020','18-11-2021');
INSERT INTO BTL1M1.LIKEVIDEO VALUES('v012','u001','17-11-2019');
INSERT INTO BTL1M1.LIKEVIDEO VALUES('v012','u007','22-11-2020');
INSERT INTO BTL1M1.LIKEVIDEO VALUES('v012','u008','15-12-2020');
INSERT INTO BTL1M1.LIKEVIDEO VALUES('v012','u009','18-11-2021');
INSERT INTO BTL1M1.LIKEVIDEO VALUES('v012','u013','17-11-2019');
INSERT INTO BTL1M1.LIKEVIDEO VALUES('v012','u016','22-11-2020');
INSERT INTO BTL1M1.LIKEVIDEO VALUES('v012','u017','15-11-2020');
INSERT INTO BTL1M1.LIKEVIDEO VALUES('v012','u018','18-11-2021');
INSERT INTO BTL1M1.LIKEVIDEO VALUES('v013','u001','17-11-2019');
INSERT INTO BTL1M1.LIKEVIDEO VALUES('v013','u004','22-12-2020');
INSERT INTO BTL1M1.LIKEVIDEO VALUES('v013','u008','15-12-2020');
INSERT INTO BTL1M1.LIKEVIDEO VALUES('v013','u010','18-11-2021');
INSERT INTO BTL1M1.LIKEVIDEO VALUES('v014','u011','17-11-2019');
INSERT INTO BTL1M1.LIKEVIDEO VALUES('v014','u015','22-12-2020');
INSERT INTO BTL1M1.LIKEVIDEO VALUES('v014','u016','15-11-2020');
INSERT INTO BTL1M1.LIKEVIDEO VALUES('v014','u018','18-11-2021');
INSERT INTO BTL1M1.LIKEVIDEO VALUES('v014','u020','17-11-2019');
INSERT INTO BTL1M1.LIKEVIDEO VALUES('v015','u003','22-11-2020');
INSERT INTO BTL1M1.LIKEVIDEO VALUES('v015','u008','15-12-2020');
INSERT INTO BTL1M1.LIKEVIDEO VALUES('v015','u010','18-11-2021');
INSERT INTO BTL1M1.LIKEVIDEO VALUES('v015','u015','17-11-2019');
INSERT INTO BTL1M1.LIKEVIDEO VALUES('v017','u002','22-12-2020');
INSERT INTO BTL1M1.LIKEVIDEO VALUES('v017','u008','15-11-2020');
INSERT INTO BTL1M1.LIKEVIDEO VALUES('v017','u009','18-11-2021');
INSERT INTO BTL1M1.LIKEVIDEO VALUES('v017','u010','17-11-2019');
INSERT INTO BTL1M1.LIKEVIDEO VALUES('v017','u011','22-12-2020');
INSERT INTO BTL1M1.LIKEVIDEO VALUES('v017','u013','15-11-2020');
INSERT INTO BTL1M1.LIKEVIDEO VALUES('v017','u015','18-11-2021');
INSERT INTO BTL1M1.LIKEVIDEO VALUES('v017','u018','17-11-2019');
INSERT INTO BTL1M1.LIKEVIDEO VALUES('v017','u020','22-12-2020');
INSERT INTO BTL1M1.LIKEVIDEO VALUES('v018','u002','15-11-2020');
INSERT INTO BTL1M1.LIKEVIDEO VALUES('v018','u003','18-11-2021');
INSERT INTO BTL1M1.LIKEVIDEO VALUES('v018','u005','17-11-2019');
INSERT INTO BTL1M1.LIKEVIDEO VALUES('v018','u009','22-11-2020');
INSERT INTO BTL1M1.LIKEVIDEO VALUES('v018','u010','15-12-2020');
INSERT INTO BTL1M1.LIKEVIDEO VALUES('v020','u010','18-11-2021');
INSERT INTO BTL1M1.LIKEVIDEO VALUES('v020','u011','17-11-2019');
INSERT INTO BTL1M1.LIKEVIDEO VALUES('v020','u014','22-11-2020');
INSERT INTO BTL1M1.LIKEVIDEO VALUES('v020','u016','15-12-2020');
INSERT INTO BTL1M1.LIKEVIDEO VALUES('v020','u019','18-11-2021');
INSERT INTO BTL1M1.LIKEVIDEO VALUES('v021','u003','22-11-2020');
INSERT INTO BTL1M1.LIKEVIDEO VALUES('v021','u005','17-11-2019');
INSERT INTO BTL1M1.LIKEVIDEO VALUES('v021','u008','15-12-2020');
INSERT INTO BTL1M1.LIKEVIDEO VALUES('v021','u009','22-11-2020');
INSERT INTO BTL1M1.LIKEVIDEO VALUES('v021','u012','15-12-2020');
INSERT INTO BTL1M1.LIKEVIDEO VALUES('v021','u013','15-12-2020');
INSERT INTO BTL1M1.LIKEVIDEO VALUES('v021','u016','18-11-2021');
INSERT INTO BTL1M1.LIKEVIDEO VALUES('v021','u018','18-11-2021');
INSERT INTO BTL1M1.LIKEVIDEO VALUES('v021','u019','18-11-2021');
INSERT INTO BTL1M1.LIKEVIDEO VALUES('v021','u020','17-11-2019');
INSERT INTO BTL1M1.LIKEVIDEO VALUES('v022','u001','12-11-2020');
INSERT INTO BTL1M1.LIKEVIDEO VALUES('v022','u002','15-10-2020');
INSERT INTO BTL1M1.LIKEVIDEO VALUES('v022','u003','17-11-2019');
INSERT INTO BTL1M1.LIKEVIDEO VALUES('v022','u004','22-12-2020');
INSERT INTO BTL1M1.LIKEVIDEO VALUES('v022','u005','15-11-2020');
INSERT INTO BTL1M1.LIKEVIDEO VALUES('v022','u006','15-11-2020');
INSERT INTO BTL1M1.LIKEVIDEO VALUES('v022','u008','18-11-2021');
INSERT INTO BTL1M1.LIKEVIDEO VALUES('v022','u012','17-11-2019');
INSERT INTO BTL1M1.LIKEVIDEO VALUES('v022','u013','17-11-2019');
INSERT INTO BTL1M1.LIKEVIDEO VALUES('v022','u014','18-11-2021');
INSERT INTO BTL1M1.LIKEVIDEO VALUES('v022','u015','13-10-2021');
INSERT INTO BTL1M1.LIKEVIDEO VALUES('v022','u016','23-11-2019');
INSERT INTO BTL1M1.LIKEVIDEO VALUES('v022','u017','17-11-2019');
INSERT INTO BTL1M1.LIKEVIDEO VALUES('v022','u018','30-11-2019');
INSERT INTO BTL1M1.LIKEVIDEO VALUES('v022','u019','22-12-2020');
INSERT INTO BTL1M1.LIKEVIDEO VALUES('v023','u003','11-11-2021');
INSERT INTO BTL1M1.LIKEVIDEO VALUES('v023','u005','12-10-2021');
INSERT INTO BTL1M1.LIKEVIDEO VALUES('v023','u007','17-11-2019');
INSERT INTO BTL1M1.LIKEVIDEO VALUES('v023','u008','13-10-2021');
INSERT INTO BTL1M1.LIKEVIDEO VALUES('v023','u016','15-11-2020');
INSERT INTO BTL1M1.LIKEVIDEO VALUES('v023','u018','18-11-2021');
INSERT INTO BTL1M1.LIKEVIDEO VALUES('v023','u020','17-11-2019');
INSERT INTO BTL1M1.LIKEVIDEO VALUES('v024','u003','22-11-2020');
INSERT INTO BTL1M1.LIKEVIDEO VALUES('v024','u008','15-12-2020');
INSERT INTO BTL1M1.LIKEVIDEO VALUES('v024','u010','18-11-2021');
INSERT INTO BTL1M1.LIKEVIDEO VALUES('v025','u002','22-12-2020');
INSERT INTO BTL1M1.LIKEVIDEO VALUES('v025','u008','15-11-2020');
INSERT INTO BTL1M1.LIKEVIDEO VALUES('v025','u011','22-12-2020');
INSERT INTO BTL1M1.LIKEVIDEO VALUES('v025','u015','17-11-2019');
INSERT INTO BTL1M1.LIKEVIDEO VALUES('v026','u002','15-11-2020');
INSERT INTO BTL1M1.LIKEVIDEO VALUES('v026','u003','18-11-2021');
INSERT INTO BTL1M1.LIKEVIDEO VALUES('v026','u005','17-11-2019');
INSERT INTO BTL1M1.LIKEVIDEO VALUES('v026','u009','22-11-2020');
INSERT INTO BTL1M1.LIKEVIDEO VALUES('v026','u013','15-11-2020');
INSERT INTO BTL1M1.LIKEVIDEO VALUES('v026','u015','18-11-2021');
INSERT INTO BTL1M1.LIKEVIDEO VALUES('v026','u018','17-11-2019');
INSERT INTO BTL1M1.LIKEVIDEO VALUES('v026','u020','22-12-2020');
INSERT INTO BTL1M1.LIKEVIDEO VALUES('v027','u005','22-12-2020');
INSERT INTO BTL1M1.LIKEVIDEO VALUES('v027','u006','15-11-2020');
INSERT INTO BTL1M1.LIKEVIDEO VALUES('v028','u013','18-11-2021');
INSERT INTO BTL1M1.LIKEVIDEO VALUES('v028','u016','17-11-2019');
INSERT INTO BTL1M1.LIKEVIDEO VALUES('v028','u019','22-12-2020');
INSERT INTO BTL1M1.LIKEVIDEO VALUES('v029','u005','15-11-2020');
INSERT INTO BTL1M1.LIKEVIDEO VALUES('v029','u008','18-11-2021');
INSERT INTO BTL1M1.LIKEVIDEO VALUES('v029','u016','22-11-2020');
INSERT INTO BTL1M1.LIKEVIDEO VALUES('v029','u017','15-11-2020');
INSERT INTO BTL1M1.LIKEVIDEO VALUES('v029','u018','18-11-2021');
INSERT INTO BTL1M1.LIKEVIDEO VALUES('v030','u001','17-11-2019');
INSERT INTO BTL1M1.LIKEVIDEO VALUES('v030','u010','17-11-2019');
INSERT INTO BTL1M1.LIKEVIDEO VALUES('v030','u011','22-12-2020');
INSERT INTO BTL1M1.LIKEVIDEO VALUES('v030','u013','15-11-2020');
INSERT INTO BTL1M1.LIKEVIDEO VALUES('v030','u015','18-11-2021');
INSERT INTO BTL1M1.LIKEVIDEO VALUES('v030','u018','17-11-2019');
INSERT INTO BTL1M1.LIKEVIDEO VALUES('v030','u020','22-12-2020');



INSERT INTO BTL1M1.TAG VALUES('t001','am nhac','11');
INSERT INTO BTL1M1.TAG VALUES('t002','thi phi','18');
INSERT INTO BTL1M1.TAG VALUES('t003','khoa hoc','5');
INSERT INTO BTL1M1.TAG VALUES('t004','hai','7');
INSERT INTO BTL1M1.TAG VALUES('t005','am thuc','11');
INSERT INTO BTL1M1.TAG VALUES('t006','nhiep anh','6');
INSERT INTO BTL1M1.TAG VALUES('t007','thien van','6');
INSERT INTO BTL1M1.TAG VALUES('t008','phieu luu','12');
INSERT INTO BTL1M1.TAG VALUES('t009','vat ly','18');
INSERT INTO BTL1M1.TAG VALUES('t010','hoa hoc','8');
INSERT INTO BTL1M1.TAG VALUES('t011','du lich','11');
INSERT INTO BTL1M1.TAG VALUES('t012','thoi su','16');
INSERT INTO BTL1M1.TAG VALUES('t013','the thao','16');
INSERT INTO BTL1M1.TAG VALUES('t014','toan hoc','16');
INSERT INTO BTL1M1.TAG VALUES('t015','gaming','16');



INSERT INTO BTL1M1.TAG_VIDEO VALUES('t002','v001');
INSERT INTO BTL1M1.TAG_VIDEO VALUES('t005','v001');
INSERT INTO BTL1M1.TAG_VIDEO VALUES('t007','v001');
INSERT INTO BTL1M1.TAG_VIDEO VALUES('t009','v001');
INSERT INTO BTL1M1.TAG_VIDEO VALUES('t011','v001');
INSERT INTO BTL1M1.TAG_VIDEO VALUES('t012','v001');
INSERT INTO BTL1M1.TAG_VIDEO VALUES('t001','v003');
INSERT INTO BTL1M1.TAG_VIDEO VALUES('t002','v003');
INSERT INTO BTL1M1.TAG_VIDEO VALUES('t003','v003');
INSERT INTO BTL1M1.TAG_VIDEO VALUES('t004','v003');
INSERT INTO BTL1M1.TAG_VIDEO VALUES('t005','v003');
INSERT INTO BTL1M1.TAG_VIDEO VALUES('t009','v003');
INSERT INTO BTL1M1.TAG_VIDEO VALUES('t011','v003');
INSERT INTO BTL1M1.TAG_VIDEO VALUES('t015','v003');
INSERT INTO BTL1M1.TAG_VIDEO VALUES('t005','v004');
INSERT INTO BTL1M1.TAG_VIDEO VALUES('t011','v005');
INSERT INTO BTL1M1.TAG_VIDEO VALUES('t012','v005');
INSERT INTO BTL1M1.TAG_VIDEO VALUES('t004','v007');
INSERT INTO BTL1M1.TAG_VIDEO VALUES('t002','v008');
INSERT INTO BTL1M1.TAG_VIDEO VALUES('t006','v008');
INSERT INTO BTL1M1.TAG_VIDEO VALUES('t001','v009');
INSERT INTO BTL1M1.TAG_VIDEO VALUES('t002','v011');
INSERT INTO BTL1M1.TAG_VIDEO VALUES('t002','v012');
INSERT INTO BTL1M1.TAG_VIDEO VALUES('t005','v012');
INSERT INTO BTL1M1.TAG_VIDEO VALUES('t006','v012');
INSERT INTO BTL1M1.TAG_VIDEO VALUES('t001','v013');
INSERT INTO BTL1M1.TAG_VIDEO VALUES('t003','v014');
INSERT INTO BTL1M1.TAG_VIDEO VALUES('t007','v014');
INSERT INTO BTL1M1.TAG_VIDEO VALUES('t011','v014');
INSERT INTO BTL1M1.TAG_VIDEO VALUES('t013','v015');
INSERT INTO BTL1M1.TAG_VIDEO VALUES('t014','v015');
INSERT INTO BTL1M1.TAG_VIDEO VALUES('t015','v015');
INSERT INTO BTL1M1.TAG_VIDEO VALUES('t003','v017');
INSERT INTO BTL1M1.TAG_VIDEO VALUES('t006','v017');
INSERT INTO BTL1M1.TAG_VIDEO VALUES('t011','v017');
INSERT INTO BTL1M1.TAG_VIDEO VALUES('t002','v018');
INSERT INTO BTL1M1.TAG_VIDEO VALUES('t003','v018');
INSERT INTO BTL1M1.TAG_VIDEO VALUES('t008','v020');
INSERT INTO BTL1M1.TAG_VIDEO VALUES('t009','v020');
INSERT INTO BTL1M1.TAG_VIDEO VALUES('t002','v021');
INSERT INTO BTL1M1.TAG_VIDEO VALUES('t003','v021');
INSERT INTO BTL1M1.TAG_VIDEO VALUES('t008','v021');
INSERT INTO BTL1M1.TAG_VIDEO VALUES('t011','v021');
INSERT INTO BTL1M1.TAG_VIDEO VALUES('t014','v021');
INSERT INTO BTL1M1.TAG_VIDEO VALUES('t015','v021');
INSERT INTO BTL1M1.TAG_VIDEO VALUES('t003','v022');
INSERT INTO BTL1M1.TAG_VIDEO VALUES('t007','v022');
INSERT INTO BTL1M1.TAG_VIDEO VALUES('t009','v023');
INSERT INTO BTL1M1.TAG_VIDEO VALUES('t011','v023');
INSERT INTO BTL1M1.TAG_VIDEO VALUES('t013','v023');
INSERT INTO BTL1M1.TAG_VIDEO VALUES('t002','v024');
INSERT INTO BTL1M1.TAG_VIDEO VALUES('t002','v025');
INSERT INTO BTL1M1.TAG_VIDEO VALUES('t005','v025');
INSERT INTO BTL1M1.TAG_VIDEO VALUES('t006','v026');
INSERT INTO BTL1M1.TAG_VIDEO VALUES('t001','v027');
INSERT INTO BTL1M1.TAG_VIDEO VALUES('t003','v028');
INSERT INTO BTL1M1.TAG_VIDEO VALUES('t011','v028');
INSERT INTO BTL1M1.TAG_VIDEO VALUES('t001','v029');
INSERT INTO BTL1M1.TAG_VIDEO VALUES('t002','v030');
