DROP USER BTL1M2 CASCADE;
CREATE USER BTL1M2 IDENTIFIED BY M2;

GRANT CONNECT, RESOURCE, UNLIMITED TABLESPACE, CREATE DATABASE LINK TO BTL1M2;

--CREATE TABLE
CREATE TABLE BTL1M2.USERACCOUNT(
  USERID VARCHAR2(10),
  EMAIL VARCHAR2(50),
  PASS VARCHAR2(20),
  USERNAME VARCHAR2(40),
  BIRTHDAY DATE,
  NATIONALITY VARCHAR2(25),
  REGDAY DATE,
  PRIMARY KEY (USERID)
);  

CREATE TABLE BTL1M2.CHANNEL(
  CHANNELID VARCHAR2(10),
  CNAME VARCHAR2(40),
  OWNERID VARCHAR2(10),
  NATION  VARCHAR2(25),
  CREATED DATE,
  PRIMARY KEY (CHANNELID),
  FOREIGN KEY (OWNNERID) REFERENCES BTL1M2.USERACCOUNT (USERID)
);

CREATE TABLE BTL1M2.SUBSCRIBE(
	USERID VARCHAR2(10),
	CHANNELID VARCHAR2(10),
	CREATED DATE,
	PRIMARY KEY(USERID, CHANNELID),
	FOREIGN KEY (USERID) REFERENCES BTL1M2.USERACCOUNT (USERID),
	FOREIGN KEY (CHANNELID) REFERENCES BTL1M2.CHANNEL (CHANNELID)
);

CREATE TABLE BTL1M2.VIDEO(
  VIDEOID VARCHAR2(10),
  TITLE VARCHAR2(150),
  CREATED DATE,
  VIEWS NUMBER,
  DURATION NUMBER,
  CHANNELID VARCHAR2(10),
  PRIMARY KEY (VIDEOID),
  FOREIGN KEY (CHANNELID) REFERENCES BTL1M2.CHANNEL (CHANNELID)
);

CREATE TABLE BTL1M2.VIDEODETAILS(
  VIDEOID VARCHAR2(10),
  FILESIZE NUMBER,
  ADCASH NUMBER,
  MAXRESOLUTION NUMBER,
  MINRESOLUTION NUMBER,
  PRIMARY KEY(VIDEOID),
  FOREIGN KEY (VIDEOID) REFERENCES BTL1M2.VIDEO (VIDEOID)
);

CREATE TABLE BTL1M2.LIKEVIDEO(
  VIDEOID VARCHAR2(10),
  USERID VARCHAR2(10),
  CREATED DATE,
  PRIMARY KEY (VIDEOID, USERID),
  FOREIGN KEY (VIDEOID) REFERENCES BTL1M2.VIDEO (VIDEOID),
  FOREIGN KEY (USERID) REFERENCES BTL1M2.USERACCOUNT (USERID)
);

CREATE TABLE BTL1M2.TAG(
  TAGID VARCHAR2(10),
  TAGNAME VARCHAR2(25),
  AGELIMIT NUMBER,
  PRIMARY KEY (TAGID)
);

CREATE TABLE BTL1M2.TAG_VIDEO(
  TAGID VARCHAR2(10),
  VIDEOID VARCHAR2(10),
  PRIMARY KEY (TAGID, VIDEOID),
  FOREIGN KEY (TAGID) REFERENCES BTL1M2.TAG (TAGID),
  FOREIGN KEY (VIDEOID) REFERENCES BTL1M2.VIDEO (VIDEOID)
);

ALTER SESSION SET NLS_DATE_FORMAT = 'DD-MM-YYYY HH24:MI:SS';

--CREATE GUEST
DROP USER BTL1M2_GUEST CASCADE;
CREATE USER BTL1M2_GUEST IDENTIFIED BY M2;

GRANT CONNECT, RESOURCE, UNLIMITED TABLESPACE, CREATE DATABASE LINK TO BTL1M2_GUEST;

GRANT SELECT ON BTL1M2.USERACCOUNT TO BTL1M2_GUEST;
GRANT SELECT ON BTL1M2.VIDEODETAILS TO BTL1M2_GUEST;
GRANT SELECT ON BTL1M2.CHANNEL TO BTL1M2_GUEST;
GRANT SELECT ON BTL1M2.SUBSCRIBE TO BTL1M2_GUEST;
GRANT SELECT ON BTL1M2.VIDEO TO BTL1M2_GUEST;
GRANT SELECT ON BTL1M2.LIKEVIDEO TO BTL1M2_GUEST;
GRANT SELECT ON BTL1M2.TAG TO BTL1M2_GUEST;
GRANT SELECT ON BTL1M2.TAG_VIDEO TO BTL1M2_GUEST;

--CREATE ADMIN
DROP USER BTL1M2_ADMIN CASCADE;
CREATE USER BTL1M2_ADMIN IDENTIFIED BY M2;

GRANT CONNECT, RESOURCE, UNLIMITED TABLESPACE, CREATE DATABASE LINK TO BTL1M2_ADMIN;

GRANT SELECT ON BTL1M2.USERACCOUNT TO BTL1M2_ADMIN;
GRANT SELECT ON BTL1M2.CHANNEL TO BTL1M2_ADMIN;
GRANT SELECT ON BTL1M2.SUBSCRIBE TO BTL1M2_ADMIN;
GRANT SELECT ON BTL1M2.VIDEO TO BTL1M2_ADMIN;
GRANT SELECT ON BTL1M2.VIDEODETAILS TO BTL1M2_ADMIN;
GRANT SELECT ON BTL1M2.LIKEVIDEO TO BTL1M2_ADMIN;
GRANT SELECT ON BTL1M2.TAG TO BTL1M2_ADMIN;
GRANT SELECT ON BTL1M2.TAG_VIDEO TO BTL1M2_ADMIN;

GRANT UPDATE ON BTL1M2.USERACCOUNT TO BTL1M2_ADMIN;
GRANT UPDATE ON BTL1M2.CHANNEL TO BTL1M2_ADMIN;
GRANT UPDATE ON BTL1M2.SUBSCRIBE TO BTL1M2_ADMIN;
GRANT UPDATE ON BTL1M2.VIDEO TO BTL1M2_ADMIN;
GRANT UPDATE ON BTL1M2.VIDEODETAILS TO BTL1M2_ADMIN;
GRANT UPDATE ON BTL1M2.LIKEVIDEO TO BTL1M2_ADMIN;
GRANT UPDATE ON BTL1M2.TAG TO BTL1M2_ADMIN;
GRANT UPDATE ON BTL1M2.TAG_VIDEO TO BTL1M2_ADMIN;

GRANT DELETE ON BTL1M2.USERACCOUNT TO BTL1M2_ADMIN;
GRANT DELETE ON BTL1M2.CHANNEL TO BTL1M2_ADMIN;
GRANT DELETE ON BTL1M2.SUBSCRIBE TO BTL1M2_ADMIN;
GRANT DELETE ON BTL1M2.VIDEO TO BTL1M2_ADMIN;
GRANT DELETE ON BTL1M2.VIDEODETAILS TO BTL1M2_ADMIN;
GRANT DELETE ON BTL1M2.LIKEVIDEO TO BTL1M2_ADMIN;
GRANT DELETE ON BTL1M2.TAG TO BTL1M2_ADMIN;
GRANT DELETE ON BTL1M2.TAG_VIDEO TO BTL1M2_ADMIN;

--CREATE DATABASE LINK
CONN BTL1M2_GUEST/M2;
CREATE DATABASE LINK DBL_M1 
  CONNECT TO BTL1M1_GUEST IDENTIFIED BY M1
  USING '(DESCRIPTION=
      (ADDRESS=(PROTOCOL=TCP)(HOST=26.242.196.147)(PORT=1521))
      (CONNECT_DATA=(SERVICE_NAME=ORCLPDB))
  )';

CONN BTL1M2_ADMIN/M2
CREATE DATABASE LINK DBL_M1 
  CONNECT TO BTL1M1_ADMIN IDENTIFIED BY M1
  USING '(DESCRIPTION=
      (ADDRESS=(PROTOCOL=TCP)(HOST=26.242.196.147)(PORT=1521))
      (CONNECT_DATA=(SERVICE_NAME=ORCLPDB))
  )';

CONN BTL1M2/M2;
CREATE DATABASE LINK DBL_M1 
  CONNECT TO BTL1M1 IDENTIFIED BY M1
  USING '(DESCRIPTION=
      (ADDRESS=(PROTOCOL=TCP)(HOST=26.242.196.147)(PORT=1521))
      (CONNECT_DATA=(SERVICE_NAME=ORCLPDB))
  )';
  
--INSERT DATA	
ALTER SESSION SET NLS_DATE_FORMAT = 'DD-MM-YYYY HH24:MI:SS';

INSERT INTO BTL1M2.USERACCOUNT VALUES('u001','u001@gmail.com','u001pass','Phan Gia Phong','23-4-2000','Viet Nam','11-1-2018');
INSERT INTO BTL1M2.USERACCOUNT VALUES('u002','u002@gmail.com','u002pass','Tran Thi Tam','21-8-2009','Viet Nam','25-12-2018');
INSERT INTO BTL1M2.USERACCOUNT VALUES('u003','u003@gmail.com','u003pass','Le Nguyen Minh Khang','12-4-2002','Viet Nam','28-1-2017');
INSERT INTO BTL1M2.USERACCOUNT VALUES('u004','u004@gmail.com','u004pass','Hoang Tien Linh','11-2-2001','Viet Nam','20-12-2018');
INSERT INTO BTL1M2.USERACCOUNT VALUES('u005','u005@gmail.com','u005pass','Nguyen Ngoc Van','30-5-2005','Viet Nam','14-3-2019');
INSERT INTO BTL1M2.USERACCOUNT VALUES('u006','u006@ms.vn','u006pass','Thai Lam Lan','3-3-2009','Viet Nam','25-12-2019');
INSERT INTO BTL1M2.USERACCOUNT VALUES('u007','u007@ms.vn','u007pass','Nguyen Hoai Ngoc','6-12-2006','Viet Nam','2-5-2018');
INSERT INTO BTL1M2.USERACCOUNT VALUES('u008','u008@ms.vn','u008pass','Le Minh Thien','5-12-2000','Viet Nam','25-12-2019');
INSERT INTO BTL1M2.USERACCOUNT VALUES('u009','u009@ms.vn','u009pass','Nguyen Minh Thang','12-5-2001','Viet Nam','6-10-2019');
INSERT INTO BTL1M2.USERACCOUNT VALUES('u010','u010@ms.vn','u010pass','Tran Trong Tai','16-7-2010','Viet Nam','25-3-2019');
INSERT INTO BTL1M2.USERACCOUNT VALUES('u011','u011@yahoo.com','u011pass','Hayashida Rokuro','2-6-2008','Nhat Ban','26-3-2020');
INSERT INTO BTL1M2.USERACCOUNT VALUES('u012','u012@yahoo.com','u012pass','Nikolaus Kuhn','23-8-2000','Duc','29-12-2019');
INSERT INTO BTL1M2.USERACCOUNT VALUES('u013','u013@yahoo.com','u013pass','Hildebert Meier','21-9-1999','Duc','27-3-2020');
INSERT INTO BTL1M2.USERACCOUNT VALUES('u014','u014@yahoo.com','u014pass','Melania Cafaro','7-1-2000','Y','9-1-2020');
INSERT INTO BTL1M2.USERACCOUNT VALUES('u015','u015@yahoo.com','u015pass','Iwamoto Asuka','8-2-2000','Nhat Ban','6-4-2019');
INSERT INTO BTL1M2.USERACCOUNT VALUES('u016','u016@yahoo.com','u016pass','Ferro Zampa','3-11-2000','Y','27-6-2021');
INSERT INTO BTL1M2.USERACCOUNT VALUES('u017','u017@yahoo.com','u017pass','Hamasaki Yuriko','30-7-2001','Nhat Ban','18-6-2019');
INSERT INTO BTL1M2.USERACCOUNT VALUES('u018','u018@gmail.com','u018pass','Heike Vogt','9-10-2001','Duc','9-9-2021');
INSERT INTO BTL1M2.USERACCOUNT VALUES('u019','u019@gmail.com','u019pass','Annaleisa Forst','13-6-2003','Duc','1-11-2019');
INSERT INTO BTL1M2.USERACCOUNT VALUES('u020','u020@gmail.com','u020pass','Usui Tatsuya','24-6-2004','Nhat Ban','12-11-2020');

INSERT INTO BTL1M2.CHANNEL VALUES('ch002','Cafe Music BGM channel','u002','Anh','4-2-2019');
INSERT INTO BTL1M2.CHANNEL VALUES('ch011','Latte PAPA','u011','Han Quoc','26-4-2020');
INSERT INTO BTL1M2.CHANNEL VALUES('ch012','Lavendaire','u012','Duc','14-1-2020');
INSERT INTO BTL1M2.CHANNEL VALUES('ch014','Super Chef','u014','Y','14-1-2020');
INSERT INTO BTL1M2.CHANNEL VALUES('ch018','Cooking Tree','u018','Duc','6-3-2020');
INSERT INTO BTL1M2.CHANNEL VALUES('ch019','Minsco','u019','Han Quoc','23-2-2020');

INSERT INTO BTL1M2.SUBSCRIBE VALUES('u002','ch002','3-3-2021');
INSERT INTO BTL1M2.SUBSCRIBE VALUES('u003','ch002','5-9-2020');
INSERT INTO BTL1M2.SUBSCRIBE VALUES('u004','ch002','3-12-2021');
INSERT INTO BTL1M2.SUBSCRIBE VALUES('u006','ch002','12-10-2020');
INSERT INTO BTL1M2.SUBSCRIBE VALUES('u007','ch002','3-3-2021');
INSERT INTO BTL1M2.SUBSCRIBE VALUES('u009','ch002','5-9-2020');
INSERT INTO BTL1M2.SUBSCRIBE VALUES('u011','ch002','3-12-2021');
INSERT INTO BTL1M2.SUBSCRIBE VALUES('u012','ch002','12-10-2020');
INSERT INTO BTL1M2.SUBSCRIBE VALUES('u013','ch002','3-3-2021');
INSERT INTO BTL1M2.SUBSCRIBE VALUES('u018','ch002','5-9-2020');
INSERT INTO BTL1M2.SUBSCRIBE VALUES('u019','ch002','3-12-2021');
INSERT INTO BTL1M2.SUBSCRIBE VALUES('u020','ch002','12-10-2020');
INSERT INTO BTL1M2.SUBSCRIBE VALUES('u012','ch012','27-5-2021');
INSERT INTO BTL1M2.SUBSCRIBE VALUES('u006','ch012','19-5-2020');
INSERT INTO BTL1M2.SUBSCRIBE VALUES('u001','ch011','8-6-2020');
INSERT INTO BTL1M2.SUBSCRIBE VALUES('u002','ch011','26-8-2020');
INSERT INTO BTL1M2.SUBSCRIBE VALUES('u003','ch011','8-6-2020');
INSERT INTO BTL1M2.SUBSCRIBE VALUES('u004','ch011','26-8-2020');
INSERT INTO BTL1M2.SUBSCRIBE VALUES('u005','ch011','8-6-2020');
INSERT INTO BTL1M2.SUBSCRIBE VALUES('u007','ch011','26-8-2020');
INSERT INTO BTL1M2.SUBSCRIBE VALUES('u008','ch011','8-6-2020');
INSERT INTO BTL1M2.SUBSCRIBE VALUES('u009','ch011','26-8-2020');
INSERT INTO BTL1M2.SUBSCRIBE VALUES('u010','ch011','8-6-2020');
INSERT INTO BTL1M2.SUBSCRIBE VALUES('u011','ch011','8-6-2020');
INSERT INTO BTL1M2.SUBSCRIBE VALUES('u013','ch011','26-8-2020');
INSERT INTO BTL1M2.SUBSCRIBE VALUES('u014','ch011','8-6-2020');
INSERT INTO BTL1M2.SUBSCRIBE VALUES('u015','ch011','26-8-2020');
INSERT INTO BTL1M2.SUBSCRIBE VALUES('u016','ch011','8-6-2020');
INSERT INTO BTL1M2.SUBSCRIBE VALUES('u017','ch011','26-8-2020');
INSERT INTO BTL1M2.SUBSCRIBE VALUES('u014','ch014','19-8-2020');	
INSERT INTO BTL1M2.SUBSCRIBE VALUES('u014','ch018','12-2-2021');
INSERT INTO BTL1M2.SUBSCRIBE VALUES('u016','ch018','17-3-2020');
INSERT INTO BTL1M2.SUBSCRIBE VALUES('u017','ch018','19-9-2021');
INSERT INTO BTL1M2.SUBSCRIBE VALUES('u018','ch018','19-12-2020');
INSERT INTO BTL1M2.SUBSCRIBE VALUES('u019','ch018','19-11-2021');
INSERT INTO BTL1M2.SUBSCRIBE VALUES('u015','ch019','20-1-2021');
INSERT INTO BTL1M2.SUBSCRIBE VALUES('u016','ch019','25-7-2020');
INSERT INTO BTL1M2.SUBSCRIBE VALUES('u019','ch019','1-8-2021');

INSERT INTO BTL1M2.VIDEO VALUES('v002','Work Jazz Warm Cozy Work Jazz for Focus','12/07/2020','636','1765','ch011');
INSERT INTO BTL1M2.VIDEO VALUES('v006','Strawberry Chocolate Cake','13/10/2021','517','1048','ch018');
INSERT INTO BTL1M2.VIDEO VALUES('v010','So this is love','13/05/2021','263','1716','ch012');
INSERT INTO BTL1M2.VIDEO VALUES('v016','Get ready with me','31/12/2020','566','1305','ch019');
INSERT INTO BTL1M2.VIDEO VALUES('v019','Bat dau lam banh que dau tay','27/06/2020','255','1368','ch011');
INSERT INTO BTL1M2.VIDEO VALUES('v031','SPACE65 Custom Mechanical Keyboard','12/07/2020','636','1765','ch002');
INSERT INTO BTL1M2.VIDEO VALUES('v032','$7 To $1300 Keyboard Sound','13/10/2021','517','1048','ch002');
INSERT INTO BTL1M2.VIDEO VALUES('v033','Vietnam - Land of ancient secrets','13/05/2021','263','1716','ch012');
INSERT INTO BTL1M2.VIDEO VALUES('v034','Travel Deal Tuesday','31/12/2020','566','1305','ch012');
INSERT INTO BTL1M2.VIDEO VALUES('v035','Elon Musk on AI and U.S. Innovation','27/06/2020','255','1368','ch014');
INSERT INTO BTL1M2.VIDEO VALUES('v036','Alfredo Chicken Wings','13/05/2021','263','1716','ch018');
INSERT INTO BTL1M2.VIDEO VALUES('v037','60-Day Butter Aged Wagyu','31/12/2020','566','1305','ch018');
INSERT INTO BTL1M2.VIDEO VALUES('v038','Beekeeping For Frozen Honey Trend','27/06/2020','255','1368','ch018');
INSERT INTO BTL1M2.VIDEO VALUES('v039','Crab Rangoon','12/07/2020','636','1765','ch018');
INSERT INTO BTL1M2.VIDEO VALUES('v040','Thai Boba Milk Tea','13/10/2021','517','1048','ch019');

INSERT INTO BTL1M2.VIDEODETAILS VALUES('v002','1390','497302','1080','144');
INSERT INTO BTL1M2.VIDEODETAILS VALUES('v006','458','395175','480','144');
INSERT INTO BTL1M2.VIDEODETAILS VALUES('v010','3268','264999','1080','144');
INSERT INTO BTL1M2.VIDEODETAILS VALUES('v016','598','434608','720','144');
INSERT INTO BTL1M2.VIDEODETAILS VALUES('v019','625','214052','720','144');
INSERT INTO BTL1M2.VIDEODETAILS VALUES('v031','1390','497302','1080','144');
INSERT INTO BTL1M2.VIDEODETAILS VALUES('v032','698','434608','720','144');
INSERT INTO BTL1M2.VIDEODETAILS VALUES('v033','725','213052','720','144');
INSERT INTO BTL1M2.VIDEODETAILS VALUES('v034','358','395175','480','144');
INSERT INTO BTL1M2.VIDEODETAILS VALUES('v035','558','495175','480','144');
INSERT INTO BTL1M2.VIDEODETAILS VALUES('v036','6268','764999','1080','144');
INSERT INTO BTL1M2.VIDEODETAILS VALUES('v037','7268','164999','1080','144');
INSERT INTO BTL1M2.VIDEODETAILS VALUES('v038','698','234608','720','144');
INSERT INTO BTL1M2.VIDEODETAILS VALUES('v039','125','314052','720','144');
INSERT INTO BTL1M2.VIDEODETAILS VALUES('v040','1268','264999','1080','144');

INSERT INTO BTL1M2.LIKEVIDEO VALUES('v002','u001','12-11-2020');
INSERT INTO BTL1M2.LIKEVIDEO VALUES('v002','u002','15-10-2020');
INSERT INTO BTL1M2.LIKEVIDEO VALUES('v002','u003','11-11-2021');
INSERT INTO BTL1M2.LIKEVIDEO VALUES('v002','u005','12-10-2021');
INSERT INTO BTL1M2.LIKEVIDEO VALUES('v002','u007','17-11-2019');
INSERT INTO BTL1M2.LIKEVIDEO VALUES('v002','u008','13-10-2021');
INSERT INTO BTL1M2.LIKEVIDEO VALUES('v002','u011','23-11-2019');
INSERT INTO BTL1M2.LIKEVIDEO VALUES('v002','u012','30-11-2019');
INSERT INTO BTL1M2.LIKEVIDEO VALUES('v002','u014','17-11-2019');
INSERT INTO BTL1M2.LIKEVIDEO VALUES('v002','u016','22-11-2020');
INSERT INTO BTL1M2.LIKEVIDEO VALUES('v002','u017','15-12-2020');
INSERT INTO BTL1M2.LIKEVIDEO VALUES('v002','u018','18-11-2021');
INSERT INTO BTL1M2.LIKEVIDEO VALUES('v002','u020','12-11-2020');
INSERT INTO BTL1M2.LIKEVIDEO VALUES('v006','u001','17-11-2019');
INSERT INTO BTL1M2.LIKEVIDEO VALUES('v006','u003','15-10-2020');
INSERT INTO BTL1M2.LIKEVIDEO VALUES('v006','u005','22-12-2020');
INSERT INTO BTL1M2.LIKEVIDEO VALUES('v006','u006','15-11-2020');
INSERT INTO BTL1M2.LIKEVIDEO VALUES('v006','u007','11-11-2021');
INSERT INTO BTL1M2.LIKEVIDEO VALUES('v006','u009','12-10-2021');
INSERT INTO BTL1M2.LIKEVIDEO VALUES('v006','u011','18-11-2021');
INSERT INTO BTL1M2.LIKEVIDEO VALUES('v006','u012','17-11-2019');
INSERT INTO BTL1M2.LIKEVIDEO VALUES('v006','u014','13-10-2021');
INSERT INTO BTL1M2.LIKEVIDEO VALUES('v006','u015','23-11-2019');
INSERT INTO BTL1M2.LIKEVIDEO VALUES('v006','u016','17-11-2019');
INSERT INTO BTL1M2.LIKEVIDEO VALUES('v006','u018','22-12-2020');
INSERT INTO BTL1M2.LIKEVIDEO VALUES('v006','u019','30-11-2019');
INSERT INTO BTL1M2.LIKEVIDEO VALUES('v006','u020','15-11-2020');
INSERT INTO BTL1M2.LIKEVIDEO VALUES('v010','u002','18-11-2021');
INSERT INTO BTL1M2.LIKEVIDEO VALUES('v010','u005','17-11-2019');
INSERT INTO BTL1M2.LIKEVIDEO VALUES('v010','u007','18-11-2021');
INSERT INTO BTL1M2.LIKEVIDEO VALUES('v010','u013','17-11-2019');
INSERT INTO BTL1M2.LIKEVIDEO VALUES('v010','u014','22-12-2020');
INSERT INTO BTL1M2.LIKEVIDEO VALUES('v010','u016','15-11-2020');
INSERT INTO BTL1M2.LIKEVIDEO VALUES('v016','u006','22-12-2020');
INSERT INTO BTL1M2.LIKEVIDEO VALUES('v016','u007','15-11-2020');
INSERT INTO BTL1M2.LIKEVIDEO VALUES('v016','u012','18-11-2021');
INSERT INTO BTL1M2.LIKEVIDEO VALUES('v016','u014','17-11-2019');
INSERT INTO BTL1M2.LIKEVIDEO VALUES('v016','u015','18-11-2021');
INSERT INTO BTL1M2.LIKEVIDEO VALUES('v016','u016','17-11-2019');
INSERT INTO BTL1M2.LIKEVIDEO VALUES('v016','u017','22-9-2020');
INSERT INTO BTL1M2.LIKEVIDEO VALUES('v016','u019','15-9-2020');
INSERT INTO BTL1M2.LIKEVIDEO VALUES('v019','u001','17-11-2019');
INSERT INTO BTL1M2.LIKEVIDEO VALUES('v019','u003','22-11-2020');
INSERT INTO BTL1M2.LIKEVIDEO VALUES('v019','u018','22-12-2020');
INSERT INTO BTL1M2.LIKEVIDEO VALUES('v019','u019','15-11-2020');
INSERT INTO BTL1M2.LIKEVIDEO VALUES('v019','u020','18-11-2021');
INSERT INTO BTL1M2.LIKEVIDEO VALUES('v031','u002','22-12-2020');
INSERT INTO BTL1M2.LIKEVIDEO VALUES('v031','u008','15-11-2020');
INSERT INTO BTL1M2.LIKEVIDEO VALUES('v031','u009','18-11-2021');
INSERT INTO BTL1M2.LIKEVIDEO VALUES('v031','u010','17-11-2019');
INSERT INTO BTL1M2.LIKEVIDEO VALUES('v031','u011','22-12-2020');
INSERT INTO BTL1M2.LIKEVIDEO VALUES('v032','u002','15-11-2020');
INSERT INTO BTL1M2.LIKEVIDEO VALUES('v032','u013','15-11-2020');
INSERT INTO BTL1M2.LIKEVIDEO VALUES('v032','u015','18-11-2021');
INSERT INTO BTL1M2.LIKEVIDEO VALUES('v032','u018','17-11-2019');
INSERT INTO BTL1M2.LIKEVIDEO VALUES('v032','u020','22-12-2020');
INSERT INTO BTL1M2.LIKEVIDEO VALUES('v033','u003','18-11-2021');
INSERT INTO BTL1M2.LIKEVIDEO VALUES('v033','u005','17-11-2019');
INSERT INTO BTL1M2.LIKEVIDEO VALUES('v033','u009','22-11-2020');
INSERT INTO BTL1M2.LIKEVIDEO VALUES('v034','u003','22-11-2020');
INSERT INTO BTL1M2.LIKEVIDEO VALUES('v034','u007','15-12-2020');
INSERT INTO BTL1M2.LIKEVIDEO VALUES('v034','u010','18-11-2021');
INSERT INTO BTL1M2.LIKEVIDEO VALUES('v034','u011','17-11-2019');
INSERT INTO BTL1M2.LIKEVIDEO VALUES('v034','u014','22-11-2020');
INSERT INTO BTL1M2.LIKEVIDEO VALUES('v034','u016','15-12-2020');
INSERT INTO BTL1M2.LIKEVIDEO VALUES('v034','u019','18-11-2021');
INSERT INTO BTL1M2.LIKEVIDEO VALUES('v035','u005','17-11-2019');
INSERT INTO BTL1M2.LIKEVIDEO VALUES('v035','u008','15-12-2020');
INSERT INTO BTL1M2.LIKEVIDEO VALUES('v035','u009','22-11-2020');
INSERT INTO BTL1M2.LIKEVIDEO VALUES('v035','u012','15-12-2020');
INSERT INTO BTL1M2.LIKEVIDEO VALUES('v035','u013','15-12-2020');
INSERT INTO BTL1M2.LIKEVIDEO VALUES('v036','u016','18-11-2021');
INSERT INTO BTL1M2.LIKEVIDEO VALUES('v036','u018','18-11-2021');
INSERT INTO BTL1M2.LIKEVIDEO VALUES('v037','u001','12-11-2020');
INSERT INTO BTL1M2.LIKEVIDEO VALUES('v037','u002','15-10-2020');
INSERT INTO BTL1M2.LIKEVIDEO VALUES('v037','u003','17-11-2019');
INSERT INTO BTL1M2.LIKEVIDEO VALUES('v037','u004','22-12-2020');
INSERT INTO BTL1M2.LIKEVIDEO VALUES('v037','u005','15-11-2020');
INSERT INTO BTL1M2.LIKEVIDEO VALUES('v037','u019','18-11-2021');
INSERT INTO BTL1M2.LIKEVIDEO VALUES('v037','u020','17-11-2019');
INSERT INTO BTL1M2.LIKEVIDEO VALUES('v038','u006','15-11-2020');
INSERT INTO BTL1M2.LIKEVIDEO VALUES('v038','u008','18-11-2021');
INSERT INTO BTL1M2.LIKEVIDEO VALUES('v038','u012','17-11-2019');
INSERT INTO BTL1M2.LIKEVIDEO VALUES('v038','u013','17-11-2019');
INSERT INTO BTL1M2.LIKEVIDEO VALUES('v038','u014','18-11-2021');
INSERT INTO BTL1M2.LIKEVIDEO VALUES('v039','u015','13-10-2021');
INSERT INTO BTL1M2.LIKEVIDEO VALUES('v039','u016','23-11-2019');
INSERT INTO BTL1M2.LIKEVIDEO VALUES('v039','u017','17-11-2019');
INSERT INTO BTL1M2.LIKEVIDEO VALUES('v039','u018','30-11-2019');
INSERT INTO BTL1M2.LIKEVIDEO VALUES('v040','u019','22-12-2020');

INSERT INTO BTL1M2.TAG VALUES('t001','am nhac','11');
INSERT INTO BTL1M2.TAG VALUES('t002','thi phi','18');
INSERT INTO BTL1M2.TAG VALUES('t003','khoa hoc','5');
INSERT INTO BTL1M2.TAG VALUES('t004','hai','7');
INSERT INTO BTL1M2.TAG VALUES('t005','am thuc','11');
INSERT INTO BTL1M2.TAG VALUES('t006','nhiep anh','6');
INSERT INTO BTL1M2.TAG VALUES('t007','thien van','6');
INSERT INTO BTL1M2.TAG VALUES('t008','phieu luu','12');
INSERT INTO BTL1M2.TAG VALUES('t009','vat ly','18');
INSERT INTO BTL1M2.TAG VALUES('t010','hoa hoc','8');
INSERT INTO BTL1M2.TAG VALUES('t011','du lich','11');
INSERT INTO BTL1M2.TAG VALUES('t012','thoi su','16');
INSERT INTO BTL1M2.TAG VALUES('t013','the thao','16');
INSERT INTO BTL1M2.TAG VALUES('t014','toan hoc','16');
INSERT INTO BTL1M2.TAG VALUES('t015','gaming','16');

INSERT INTO BTL1M2.TAG_VIDEO VALUES('t001','v002');
INSERT INTO BTL1M2.TAG_VIDEO VALUES('t003','v002');
INSERT INTO BTL1M2.TAG_VIDEO VALUES('t005','v002');
INSERT INTO BTL1M2.TAG_VIDEO VALUES('t012','v002');
INSERT INTO BTL1M2.TAG_VIDEO VALUES('t014','v002');
INSERT INTO BTL1M2.TAG_VIDEO VALUES('t015','v002');
INSERT INTO BTL1M2.TAG_VIDEO VALUES('t005','v006');
INSERT INTO BTL1M2.TAG_VIDEO VALUES('t007','v006');
INSERT INTO BTL1M2.TAG_VIDEO VALUES('t008','v006');
INSERT INTO BTL1M2.TAG_VIDEO VALUES('t010','v006');
INSERT INTO BTL1M2.TAG_VIDEO VALUES('t011','v006');
INSERT INTO BTL1M2.TAG_VIDEO VALUES('t012','v006');
INSERT INTO BTL1M2.TAG_VIDEO VALUES('t002','v010');
INSERT INTO BTL1M2.TAG_VIDEO VALUES('t007','v010');
INSERT INTO BTL1M2.TAG_VIDEO VALUES('t009','v010');
INSERT INTO BTL1M2.TAG_VIDEO VALUES('t012','v010');
INSERT INTO BTL1M2.TAG_VIDEO VALUES('t013','v010');
INSERT INTO BTL1M2.TAG_VIDEO VALUES('t015','v010');
INSERT INTO BTL1M2.TAG_VIDEO VALUES('t004','v016');
INSERT INTO BTL1M2.TAG_VIDEO VALUES('t004','v016');
INSERT INTO BTL1M2.TAG_VIDEO VALUES('t005','v016');
INSERT INTO BTL1M2.TAG_VIDEO VALUES('t012','v016');
INSERT INTO BTL1M2.TAG_VIDEO VALUES('t003','v019');
INSERT INTO BTL1M2.TAG_VIDEO VALUES('t008','v019');
INSERT INTO BTL1M2.TAG_VIDEO VALUES('t009','v019');
INSERT INTO BTL1M2.TAG_VIDEO VALUES('t010','v019');
INSERT INTO BTL1M2.TAG_VIDEO VALUES('t011','v019');
INSERT INTO BTL1M2.TAG_VIDEO VALUES('t012','v019');
INSERT INTO BTL1M2.TAG_VIDEO VALUES('t003','v031');
INSERT INTO BTL1M2.TAG_VIDEO VALUES('t005','v031');
INSERT INTO BTL1M2.TAG_VIDEO VALUES('t011','v031');
INSERT INTO BTL1M2.TAG_VIDEO VALUES('t012','v032');
INSERT INTO BTL1M2.TAG_VIDEO VALUES('t004','v032');
INSERT INTO BTL1M2.TAG_VIDEO VALUES('t002','v033');
INSERT INTO BTL1M2.TAG_VIDEO VALUES('t006','v033');
INSERT INTO BTL1M2.TAG_VIDEO VALUES('t001','v033');
INSERT INTO BTL1M2.TAG_VIDEO VALUES('t004','v034');
INSERT INTO BTL1M2.TAG_VIDEO VALUES('t005','v034');
INSERT INTO BTL1M2.TAG_VIDEO VALUES('t006','v034');
INSERT INTO BTL1M2.TAG_VIDEO VALUES('t001','v034');
INSERT INTO BTL1M2.TAG_VIDEO VALUES('t003','v035');
INSERT INTO BTL1M2.TAG_VIDEO VALUES('t007','v036');
INSERT INTO BTL1M2.TAG_VIDEO VALUES('t002','v036');
INSERT INTO BTL1M2.TAG_VIDEO VALUES('t003','v036');
INSERT INTO BTL1M2.TAG_VIDEO VALUES('t005','v036');
INSERT INTO BTL1M2.TAG_VIDEO VALUES('t006','v036');
INSERT INTO BTL1M2.TAG_VIDEO VALUES('t001','v036');
INSERT INTO BTL1M2.TAG_VIDEO VALUES('t001','v037');
INSERT INTO BTL1M2.TAG_VIDEO VALUES('t002','v037');
INSERT INTO BTL1M2.TAG_VIDEO VALUES('t003','v037');
INSERT INTO BTL1M2.TAG_VIDEO VALUES('t005','v037');
INSERT INTO BTL1M2.TAG_VIDEO VALUES('t007','v037');
INSERT INTO BTL1M2.TAG_VIDEO VALUES('t011','v037');
INSERT INTO BTL1M2.TAG_VIDEO VALUES('t003','v038');
INSERT INTO BTL1M2.TAG_VIDEO VALUES('t005','v038');
INSERT INTO BTL1M2.TAG_VIDEO VALUES('t001','v039');
INSERT INTO BTL1M2.TAG_VIDEO VALUES('t002','v039');
INSERT INTO BTL1M2.TAG_VIDEO VALUES('t004','v039');
INSERT INTO BTL1M2.TAG_VIDEO VALUES('t005','v039');
INSERT INTO BTL1M2.TAG_VIDEO VALUES('t012','v039');
INSERT INTO BTL1M2.TAG_VIDEO VALUES('t003','v040');
INSERT INTO BTL1M2.TAG_VIDEO VALUES('t005','v040');
INSERT INTO BTL1M2.TAG_VIDEO VALUES('t009','v040');
INSERT INTO BTL1M2.TAG_VIDEO VALUES('t011','v040');
INSERT INTO BTL1M2.TAG_VIDEO VALUES('t012','v040');